Timestamp,Event,FPS,Edge_Latency_ms,WiFi_Latency_ms,Total_Latency_ms,Resolution,Distance,Target_Gesture,Last_Command
09:01:03.443,COMMAND_SENT,27.38,30.68,65.09,95.77,480p,50cm,D1 ON,D1 ON
09:01:27.294,COMMAND_SENT,28.51,26.84,38.69,65.53,480p,50cm,D1 ON,D1 ON
09:01:32.320,COMMAND_SENT,25.29,27.96,25.50,53.46,480p,50cm,D1 ON,D1 ON
09:01:37.439,COMMAND_SENT,24.62,26.83,104.73,131.56,480p,50cm,D1 ON,D1 ON
09:01:50.443,COMMAND_SENT,25.38,27.59,68.47,96.06,480p,50cm,D1 ON,D1 ON
09:01:55.576,COMMAND_SENT,24.90,27.06,161.13,188.20,480p,50cm,D1 ON,D1 ON
09:02:01.732,COMMAND_SENT,25.45,27.37,355.76,383.13,480p,50cm,D1 ON,D1 ON
09:02:07.029,COMMAND_SENT,24.68,26.62,92.78,119.40,480p,50cm,D1 ON,D1 ON
09:02:12.214,COMMAND_SENT,24.23,26.57,197.45,224.02,480p,50cm,D1 ON,D1 ON
09:02:17.572,COMMAND_SENT,28.48,31.29,115.92,147.21,480p,50cm,D1 ON,D1 ON
09:02:22.593,COMMAND_SENT,27.65,31.01,97.60,128.61,480p,50cm,D1 ON,D1 ON
09:02:27.640,COMMAND_SENT,29.32,25.43,107.31,132.74,480p,50cm,D1 ON,D1 ON
09:02:40.209,COMMAND_SENT,24.76,26.89,75.85,102.74,480p,50cm,D1 ON,D1 ON
09:02:45.835,COMMAND_SENT,24.80,26.72,60.71,87.43,480p,50cm,D1 ON,D1 ON
09:06:08.608,COMMAND_SENT,27.87,28.52,146.11,174.63,480p,50cm,D1 ON,D1 ON
09:08:02.155,COMMAND_SENT,25.14,27.24,71.63,98.87,480p,50cm,D1 OFF,D1 OFF
09:08:08.405,COMMAND_SENT,24.37,26.40,282.22,308.62,480p,50cm,D1 OFF,D1 OFF
09:08:13.783,COMMAND_SENT,27.72,31.52,19.01,50.53,480p,50cm,D1 OFF,D1 OFF
09:08:19.018,COMMAND_SENT,22.73,23.96,18.27,42.23,480p,50cm,D1 OFF,D1 OFF
09:08:27.270,COMMAND_SENT,24.99,27.14,150.06,177.20,480p,50cm,D1 OFF,D1 OFF
09:08:43.213,COMMAND_SENT,25.30,27.66,52.49,80.15,480p,50cm,D1 OFF,D1 OFF
09:08:49.263,COMMAND_SENT,24.64,26.21,62.64,88.86,480p,50cm,D1 OFF,D1 OFF
09:08:55.329,COMMAND_SENT,24.59,26.87,166.74,193.61,480p,50cm,D1 OFF,D1 OFF
09:09:01.132,COMMAND_SENT,25.19,26.40,289.94,316.34,480p,50cm,D1 OFF,D1 OFF
09:09:06.349,COMMAND_SENT,22.43,27.59,21.76,49.36,480p,50cm,D1 OFF,D1 OFF
09:09:11.614,COMMAND_SENT,25.06,27.20,251.56,278.77,480p,50cm,D1 OFF,D1 OFF
09:09:16.492,COMMAND_SENT,24.97,31.24,85.39,116.62,480p,50cm,D1 OFF,D1 OFF
09:09:23.568,COMMAND_SENT,24.57,27.20,124.91,152.11,480p,50cm,D1 OFF,D1 OFF
09:09:28.581,COMMAND_SENT,24.55,27.32,97.65,124.97,480p,50cm,D1 OFF,D1 OFF
09:09:33.599,COMMAND_SENT,25.65,28.71,71.93,100.65,480p,50cm,D1 OFF,D1 OFF
09:15:06.804,COMMAND_SENT,24.71,27.10,124.65,151.75,480p,50cm,D2 ON,D2 ON
09:15:18.581,COMMAND_SENT,27.43,31.52,61.46,92.98,480p,50cm,D2 ON,D2 ON
09:15:24.316,COMMAND_SENT,24.70,29.23,78.36,107.59,480p,50cm,D2 ON,D2 ON
09:15:29.334,COMMAND_SENT,24.78,26.86,58.26,85.13,480p,50cm,D2 ON,D2 ON
09:15:34.454,COMMAND_SENT,24.98,25.63,120.95,146.58,480p,50cm,D2 ON,D2 ON
09:15:39.766,COMMAND_SENT,23.47,24.52,409.66,434.18,480p,50cm,D2 ON,D2 ON
09:15:52.372,COMMAND_SENT,25.89,26.60,95.32,121.91,480p,50cm,D2 ON,D2 ON
09:15:58.313,COMMAND_SENT,25.29,25.41,115.76,141.18,480p,50cm,D2 ON,D2 ON
09:16:03.842,COMMAND_SENT,23.90,25.30,82.63,107.93,480p,50cm,D2 ON,D2 ON
09:16:09.475,COMMAND_SENT,24.00,26.29,75.57,101.86,480p,50cm,D2 ON,D2 ON
09:16:15.204,COMMAND_SENT,27.68,24.03,44.95,68.98,480p,50cm,D2 ON,D2 ON
09:16:20.910,COMMAND_SENT,24.48,26.07,191.80,217.86,480p,50cm,D2 ON,D2 ON
09:16:25.969,COMMAND_SENT,25.62,27.48,89.98,117.46,480p,50cm,D2 ON,D2 ON
09:16:31.143,COMMAND_SENT,25.50,28.21,21.78,49.98,480p,50cm,D2 ON,D2 ON
09:16:36.609,COMMAND_SENT,25.65,29.04,88.49,117.53,480p,50cm,D2 ON,D2 ON
09:20:21.581,COMMAND_SENT,21.98,22.25,33.98,56.23,480p,50cm,D2 OFF,D2 OFF
09:20:27.520,COMMAND_SENT,22.67,22.99,54.10,77.09,480p,50cm,D2 OFF,D2 OFF
09:20:33.215,COMMAND_SENT,24.36,35.18,19.20,54.38,480p,50cm,D2 OFF,D2 OFF
09:20:38.685,COMMAND_SENT,25.25,26.77,298.85,325.62,480p,50cm,D2 OFF,D2 OFF
09:20:44.007,COMMAND_SENT,24.18,26.90,51.03,77.93,480p,50cm,D2 OFF,D2 OFF
09:20:49.436,COMMAND_SENT,24.83,28.80,126.97,155.77,480p,50cm,D2 OFF,D2 OFF
09:20:54.455,COMMAND_SENT,25.11,27.39,108.26,135.65,480p,50cm,D2 OFF,D2 OFF
09:20:59.473,COMMAND_SENT,24.88,27.23,85.04,112.27,480p,50cm,D2 OFF,D2 OFF
09:21:04.898,COMMAND_SENT,26.01,27.60,109.97,137.57,480p,50cm,D2 OFF,D2 OFF
09:21:09.978,COMMAND_SENT,25.21,27.72,69.81,97.54,480p,50cm,D2 OFF,D2 OFF
09:21:15.137,COMMAND_SENT,25.29,38.37,177.42,215.79,480p,50cm,D2 OFF,D2 OFF
09:21:20.155,COMMAND_SENT,25.54,26.98,126.56,153.54,480p,50cm,D2 OFF,D2 OFF
09:21:25.274,COMMAND_SENT,24.60,26.48,85.98,112.47,480p,50cm,D2 OFF,D2 OFF
09:21:30.399,COMMAND_SENT,28.94,21.35,168.60,189.94,480p,50cm,D2 OFF,D2 OFF
09:21:35.319,COMMAND_SENT,24.39,25.78,49.26,75.05,480p,50cm,D2 OFF,D2 OFF
09:26:41.385,COMMAND_SENT,27.47,31.09,129.72,160.81,480p,50cm,D3 ON,D3 ON
09:26:48.763,COMMAND_SENT,22.67,23.62,110.48,134.10,480p,50cm,D3 ON,D3 ON
09:26:55.208,COMMAND_SENT,25.34,27.25,156.44,183.68,480p,50cm,D3 ON,D3 ON
09:27:01.250,COMMAND_SENT,24.87,26.98,78.27,105.25,480p,50cm,D3 ON,D3 ON
09:27:06.999,COMMAND_SENT,25.77,27.49,25.33,52.82,480p,50cm,D3 ON,D3 ON
09:27:13.027,COMMAND_SENT,18.91,21.85,125.67,147.52,480p,50cm,D3 ON,D3 ON
09:27:19.887,COMMAND_SENT,28.38,27.27,73.54,100.80,480p,50cm,D3 ON,D3 ON
09:27:25.858,COMMAND_SENT,24.98,27.51,159.59,187.10,480p,50cm,D3 ON,D3 ON
09:27:31.595,COMMAND_SENT,24.74,27.18,220.64,247.82,480p,50cm,D3 ON,D3 ON
09:27:36.780,COMMAND_SENT,24.56,25.58,40.93,66.51,480p,50cm,D3 ON,D3 ON
09:27:42.161,COMMAND_SENT,25.09,26.98,106.81,133.79,480p,50cm,D3 ON,D3 ON
09:27:47.332,COMMAND_SENT,25.18,27.31,237.41,264.72,480p,50cm,D3 ON,D3 ON
09:27:52.246,COMMAND_SENT,28.65,22.83,111.11,133.93,480p,50cm,D3 ON,D3 ON
09:27:58.916,COMMAND_SENT,24.51,26.20,140.79,166.98,480p,50cm,D3 ON,D3 ON
09:28:05.147,COMMAND_SENT,22.78,23.94,94.84,118.77,480p,50cm,D3 ON,D3 ON
09:30:08.540,COMMAND_SENT,25.22,27.26,51.38,78.64,480p,50cm,D3 OFF,D3 OFF
09:30:14.379,COMMAND_SENT,25.49,26.46,129.92,156.39,480p,50cm,D3 OFF,D3 OFF
09:30:21.031,COMMAND_SENT,25.60,27.24,100.92,128.16,480p,50cm,D3 OFF,D3 OFF
09:30:26.561,COMMAND_SENT,23.97,25.68,71.11,96.79,480p,50cm,D3 OFF,D3 OFF
09:30:31.582,COMMAND_SENT,28.02,32.67,49.84,82.51,480p,50cm,D3 OFF,D3 OFF
09:30:37.110,COMMAND_SENT,22.80,23.58,102.73,126.31,480p,50cm,D3 OFF,D3 OFF
09:30:42.123,COMMAND_SENT,25.39,27.37,36.15,63.52,480p,50cm,D3 OFF,D3 OFF
09:30:47.452,COMMAND_SENT,25.14,27.56,284.20,311.77,480p,50cm,D3 OFF,D3 OFF
09:30:52.780,COMMAND_SENT,24.30,26.13,52.37,78.50,480p,50cm,D3 OFF,D3 OFF
09:30:57.975,COMMAND_SENT,25.00,27.33,207.37,234.70,480p,50cm,D3 OFF,D3 OFF
09:31:02.913,COMMAND_SENT,25.23,27.55,104.70,132.25,480p,50cm,D3 OFF,D3 OFF
09:31:07.932,COMMAND_SENT,24.66,26.08,83.58,109.66,480p,50cm,D3 OFF,D3 OFF
09:31:13.372,COMMAND_SENT,28.35,24.34,163.94,188.28,480p,50cm,D3 OFF,D3 OFF
09:31:18.274,COMMAND_SENT,25.01,27.08,25.77,52.85,480p,50cm,D3 OFF,D3 OFF
09:31:23.601,COMMAND_SENT,21.88,21.35,111.88,133.23,480p,50cm,D3 OFF,D3 OFF
10:06:38.589,COMMAND_SENT,18.10,22.17,115.10,137.27,480p,50cm,D4 ON,D4 ON
10:06:44.666,COMMAND_SENT,24.88,25.84,191.70,217.53,480p,50cm,D4 ON,D4 ON
10:06:50.465,COMMAND_SENT,25.06,26.90,76.21,103.11,480p,50cm,D4 ON,D4 ON
10:06:58.115,COMMAND_SENT,25.77,27.59,250.00,277.59,480p,50cm,D4 ON,D4 ON
10:07:03.835,COMMAND_SENT,22.98,23.84,209.34,233.18,480p,50cm,D4 ON,D4 ON
10:07:09.847,COMMAND_SENT,25.14,26.59,21.02,47.61,480p,50cm,D4 ON,D4 ON
10:07:23.998,COMMAND_SENT,25.36,26.67,331.84,358.51,480p,50cm,D4 ON,D4 ON
10:07:28.761,COMMAND_SENT,25.63,27.30,54.76,82.06,480p,50cm,D4 ON,D4 ON
10:07:36.450,COMMAND_SENT,24.12,26.21,423.68,449.89,480p,50cm,D4 ON,D4 ON
10:07:49.239,COMMAND_SENT,25.76,23.39,80.57,103.95,480p,50cm,D4 ON,D4 ON
10:07:54.360,COMMAND_SENT,22.84,21.38,92.96,114.33,480p,50cm,D4 ON,D4 ON
10:08:00.709,COMMAND_SENT,24.46,26.15,125.63,151.78,480p,50cm,D4 ON,D4 ON
10:08:06.750,COMMAND_SENT,28.93,24.83,122.68,147.51,480p,50cm,D4 ON,D4 ON
10:08:14.325,COMMAND_SENT,25.15,27.17,101.03,128.21,480p,50cm,D4 ON,D4 ON
10:08:20.574,COMMAND_SENT,24.29,26.16,230.10,256.26,480p,50cm,D4 ON,D4 ON
10:11:01.356,COMMAND_SENT,24.91,27.37,107.63,135.00,480p,50cm,D4 OFF,D4 OFF
10:11:07.230,COMMAND_SENT,24.98,32.95,55.52,88.47,480p,50cm,D4 OFF,D4 OFF
10:11:13.736,COMMAND_SENT,24.22,25.73,287.24,312.98,480p,50cm,D4 OFF,D4 OFF
10:11:18.546,COMMAND_SENT,25.03,27.69,56.93,84.62,480p,50cm,D4 OFF,D4 OFF
10:11:23.671,COMMAND_SENT,25.41,27.71,21.41,49.12,480p,50cm,D4 OFF,D4 OFF
10:11:29.083,COMMAND_SENT,24.83,27.01,33.41,60.42,480p,50cm,D4 OFF,D4 OFF
10:11:34.203,COMMAND_SENT,25.75,27.21,32.89,60.09,480p,50cm,D4 OFF,D4 OFF
10:11:39.334,COMMAND_SENT,25.31,26.97,124.74,151.71,480p,50cm,D4 OFF,D4 OFF
10:11:44.770,COMMAND_SENT,24.84,26.94,119.93,146.87,480p,50cm,D4 OFF,D4 OFF
10:11:50.189,COMMAND_SENT,25.33,27.12,97.35,124.48,480p,50cm,D4 OFF,D4 OFF
10:11:55.917,COMMAND_SENT,24.38,26.13,25.59,51.72,480p,50cm,D4 OFF,D4 OFF
10:12:01.957,COMMAND_SENT,25.45,27.20,66.36,93.56,480p,50cm,D4 OFF,D4 OFF
10:12:07.433,COMMAND_SENT,24.81,27.28,21.60,48.88,480p,50cm,D4 OFF,D4 OFF
10:12:13.738,COMMAND_SENT,22.62,22.85,130.77,153.62,480p,50cm,D4 OFF,D4 OFF
10:12:18.858,COMMAND_SENT,22.15,22.20,130.14,152.34,480p,50cm,D4 OFF,D4 OFF
10:19:18.188,COMMAND_SENT,24.87,27.08,132.49,159.57,480p,30cm,D1 ON,D1 ON
10:19:23.914,COMMAND_SENT,24.89,26.50,57.88,84.38,480p,30cm,D1 ON,D1 ON
10:19:29.283,COMMAND_SENT,28.65,22.44,25.22,47.66,480p,30cm,D1 ON,D1 ON
10:19:34.979,COMMAND_SENT,25.55,27.53,203.07,230.60,480p,30cm,D1 ON,D1 ON
10:19:40.207,COMMAND_SENT,24.72,32.35,25.31,57.66,480p,30cm,D1 ON,D1 ON
10:19:46.143,COMMAND_SENT,22.30,52.35,139.53,191.88,480p,30cm,D1 ON,D1 ON
10:19:51.560,COMMAND_SENT,28.45,26.40,26.80,53.20,480p,30cm,D1 ON,D1 ON
10:19:57.617,COMMAND_SENT,24.55,27.26,82.97,110.23,480p,30cm,D1 ON,D1 ON
10:20:03.758,COMMAND_SENT,24.71,27.29,184.07,211.35,480p,30cm,D1 ON,D1 ON
10:20:09.583,COMMAND_SENT,25.17,27.87,48.81,76.68,480p,30cm,D1 ON,D1 ON
10:20:15.212,COMMAND_SENT,25.81,27.27,37.66,64.94,480p,30cm,D1 ON,D1 ON
10:20:21.385,COMMAND_SENT,24.48,26.27,130.88,157.14,480p,30cm,D1 ON,D1 ON
10:20:26.389,COMMAND_SENT,24.66,26.38,93.81,120.19,480p,30cm,D1 ON,D1 ON
10:21:06.526,COMMAND_SENT,22.59,22.54,25.22,47.76,480p,30cm,D1 ON,D1 ON
10:21:12.065,COMMAND_SENT,29.30,22.86,164.44,187.31,480p,30cm,D1 ON,D1 ON
10:24:21.916,COMMAND_SENT,24.98,26.16,114.09,140.25,480p,30cm,D1 OFF,D1 OFF
10:24:26.932,COMMAND_SENT,25.01,28.75,88.00,116.75,480p,30cm,D1 OFF,D1 OFF
10:24:32.657,COMMAND_SENT,28.09,22.83,90.92,113.74,480p,30cm,D1 OFF,D1 OFF
10:24:37.782,COMMAND_SENT,25.83,27.44,178.26,205.70,480p,30cm,D1 OFF,D1 OFF
10:24:43.005,COMMAND_SENT,25.73,28.84,161.24,190.09,480p,30cm,D1 OFF,D1 OFF
10:24:48.022,COMMAND_SENT,24.37,25.43,138.89,164.32,480p,30cm,D1 OFF,D1 OFF
10:24:53.155,COMMAND_SENT,22.08,24.78,146.06,170.84,480p,30cm,D1 OFF,D1 OFF
10:24:58.285,COMMAND_SENT,24.84,26.99,241.82,268.80,480p,30cm,D1 OFF,D1 OFF
10:25:03.377,COMMAND_SENT,24.21,25.44,51.55,76.99,480p,30cm,D1 OFF,D1 OFF
10:25:08.501,COMMAND_SENT,26.15,26.73,135.48,162.21,480p,30cm,D1 OFF,D1 OFF
10:25:13.621,COMMAND_SENT,26.91,26.53,216.70,243.22,480p,30cm,D1 OFF,D1 OFF
10:25:18.544,COMMAND_SENT,26.43,27.61,98.20,125.81,480p,30cm,D1 OFF,D1 OFF
10:25:23.548,COMMAND_SENT,21.95,22.77,66.72,89.49,480p,30cm,D1 OFF,D1 OFF
10:25:28.675,COMMAND_SENT,20.30,22.87,107.74,130.61,480p,30cm,D1 OFF,D1 OFF
10:25:40.454,COMMAND_SENT,25.88,27.42,132.19,159.61,480p,30cm,D1 OFF,D1 OFF
10:35:46.871,COMMAND_SENT,19.52,23.37,323.39,346.76,480p,30cm,D2 ON,D2 ON
10:35:52.599,COMMAND_SENT,24.88,26.95,298.71,325.66,480p,30cm,D2 ON,D2 ON
10:35:57.410,COMMAND_SENT,24.99,26.64,69.69,96.33,480p,30cm,D2 ON,D2 ON
10:36:02.633,COMMAND_SENT,25.60,27.51,51.70,79.21,480p,30cm,D2 ON,D2 ON
10:36:08.874,COMMAND_SENT,24.85,171.15,309.03,480.18,480p,30cm,D2 ON,D2 ON
10:36:14.308,COMMAND_SENT,25.88,27.21,91.12,118.33,480p,30cm,D2 ON,D2 ON
10:36:20.441,COMMAND_SENT,25.05,27.52,221.88,249.39,480p,30cm,D2 ON,D2 ON
10:36:26.383,COMMAND_SENT,25.00,27.29,124.52,151.81,480p,30cm,D2 ON,D2 ON
10:36:32.835,COMMAND_SENT,25.27,27.90,96.73,124.63,480p,30cm,D2 ON,D2 ON
10:36:38.730,COMMAND_SENT,28.83,21.72,22.36,44.07,480p,30cm,D2 ON,D2 ON
10:36:43.893,COMMAND_SENT,24.90,27.61,74.03,101.64,480p,30cm,D2 ON,D2 ON
10:36:49.728,COMMAND_SENT,23.44,24.73,109.42,134.15,480p,30cm,D2 ON,D2 ON
10:36:54.961,COMMAND_SENT,25.01,27.16,22.23,49.40,480p,30cm,D2 ON,D2 ON
10:37:00.122,COMMAND_SENT,23.96,25.11,22.78,47.89,480p,30cm,D2 ON,D2 ON
10:37:07.346,COMMAND_SENT,24.78,26.36,86.18,112.54,480p,30cm,D2 ON,D1 OFF
10:44:04.523,COMMAND_SENT,23.79,25.57,118.60,144.17,480p,30cm,D2 OFF,D2 OFF
10:44:09.949,COMMAND_SENT,26.06,29.24,101.82,131.07,480p,30cm,D2 OFF,D1 OFF
10:44:14.971,COMMAND_SENT,22.75,24.47,86.01,110.49,480p,30cm,D2 OFF,D2 OFF
10:44:20.187,COMMAND_SENT,23.86,26.74,100.49,127.23,480p,30cm,D2 OFF,D2 OFF
10:44:25.203,COMMAND_SENT,25.11,27.92,35.98,63.90,480p,30cm,D2 OFF,D2 OFF
10:44:31.144,COMMAND_SENT,25.70,37.22,88.56,125.78,480p,30cm,D2 OFF,D2 OFF
10:44:36.305,COMMAND_SENT,29.39,24.50,138.02,162.53,480p,30cm,D2 OFF,D2 OFF
10:44:42.003,COMMAND_SENT,23.92,25.90,116.20,142.11,480p,30cm,D2 OFF,D2 OFF
10:44:47.014,COMMAND_SENT,26.25,27.23,87.70,114.93,480p,30cm,D2 OFF,D2 OFF
10:44:52.149,COMMAND_SENT,24.61,27.61,180.95,208.56,480p,30cm,D2 OFF,D2 OFF
10:44:57.666,COMMAND_SENT,24.64,26.57,98.10,124.67,480p,30cm,D2 OFF,D2 OFF
10:45:18.456,COMMAND_SENT,23.39,24.91,87.57,112.48,480p,30cm,D2 OFF,D2 OFF
10:45:41.698,COMMAND_SENT,24.94,25.11,93.05,118.16,480p,30cm,D2 OFF,D2 OFF
10:45:46.716,COMMAND_SENT,25.26,28.60,67.92,96.52,480p,30cm,D2 OFF,D2 OFF
10:45:52.555,COMMAND_SENT,23.05,24.37,268.96,293.33,480p,30cm,D2 OFF,D2 OFF
11:15:43.747,COMMAND_SENT,25.03,27.32,107.63,134.95,480p,30cm,D3 ON,D3 ON
11:15:49.475,COMMAND_SENT,22.64,23.79,79.17,102.96,480p,30cm,D3 ON,D3 ON
11:15:55.778,COMMAND_SENT,28.44,27.12,22.07,49.19,480p,30cm,D3 ON,D3 ON
11:16:02.077,COMMAND_SENT,24.99,27.22,161.25,188.47,480p,30cm,D3 ON,D3 ON
11:16:07.511,COMMAND_SENT,25.30,27.93,114.78,142.71,480p,30cm,D3 ON,D3 ON
11:16:13.865,COMMAND_SENT,24.76,27.08,69.20,96.28,480p,30cm,D3 ON,D3 ON
11:16:22.044,COMMAND_SENT,24.67,26.87,87.32,114.19,480p,30cm,D3 ON,D3 ON
11:16:27.787,COMMAND_SENT,24.39,26.74,69.34,96.08,480p,30cm,D3 ON,D3 ON
11:16:33.031,COMMAND_SENT,25.39,27.19,33.75,60.93,480p,30cm,D3 ON,D3 ON
11:16:38.121,COMMAND_SENT,24.59,26.83,42.79,69.62,480p,30cm,D3 ON,D3 ON
11:16:45.094,COMMAND_SENT,25.00,27.31,20.23,47.54,480p,30cm,D3 ON,D3 ON
11:16:53.194,COMMAND_SENT,25.04,27.21,160.00,187.21,480p,30cm,D3 ON,D3 ON
11:17:01.674,COMMAND_SENT,24.97,26.74,119.20,145.93,480p,30cm,D3 ON,D3 ON
11:17:06.864,COMMAND_SENT,25.84,26.22,20.01,46.23,480p,30cm,D3 ON,D3 ON
11:17:12.016,COMMAND_SENT,25.47,27.48,140.47,167.95,480p,30cm,D3 ON,D3 ON
11:19:07.542,COMMAND_SENT,24.96,27.26,157.54,184.80,480p,30cm,D3 OFF,D3 OFF
11:19:12.650,COMMAND_SENT,24.71,27.56,105.45,133.01,480p,30cm,D3 OFF,D3 OFF
11:19:17.663,COMMAND_SENT,25.14,27.21,78.37,105.59,480p,30cm,D3 OFF,D3 OFF
11:19:22.673,COMMAND_SENT,24.90,26.27,48.45,74.72,480p,30cm,D3 OFF,D3 OFF
11:19:27.962,COMMAND_SENT,25.68,27.75,296.01,323.76,480p,30cm,D3 OFF,D3 OFF
11:19:32.916,COMMAND_SENT,24.52,25.90,130.34,156.23,480p,30cm,D3 OFF,D3 OFF
11:19:37.938,COMMAND_SENT,24.42,27.41,111.38,138.78,480p,30cm,D3 OFF,D3 OFF
11:19:42.947,COMMAND_SENT,25.14,27.67,79.66,107.33,480p,30cm,D3 OFF,D3 OFF
11:19:51.142,COMMAND_SENT,25.60,32.37,70.57,102.93,480p,30cm,D3 OFF,D3 OFF
11:19:56.998,COMMAND_SENT,29.22,27.03,91.10,118.13,480p,30cm,D3 OFF,D3 OFF
11:20:02.887,COMMAND_SENT,24.92,27.65,19.62,47.27,480p,30cm,D3 OFF,D3 OFF
11:20:08.039,COMMAND_SENT,24.53,28.13,124.33,152.46,480p,30cm,D3 OFF,D3 OFF
11:20:13.164,COMMAND_SENT,25.17,26.60,136.33,162.93,480p,30cm,D3 OFF,D3 OFF
11:20:18.181,COMMAND_SENT,28.63,31.58,113.25,144.83,480p,30cm,D3 OFF,D3 OFF
11:20:23.195,COMMAND_SENT,27.41,30.54,87.37,117.90,480p,30cm,D3 OFF,D3 OFF
11:24:22.615,COMMAND_SENT,28.04,27.44,515.77,543.21,480p,30cm,D4 ON,D4 ON
11:24:27.993,COMMAND_SENT,27.03,27.73,132.49,160.22,480p,30cm,D4 ON,D4 ON
11:24:32.940,COMMAND_SENT,25.89,27.21,40.47,67.68,480p,30cm,D4 ON,D4 ON
11:24:38.069,COMMAND_SENT,25.45,28.23,47.28,75.51,480p,30cm,D4 ON,D4 ON
11:24:43.907,COMMAND_SENT,25.79,27.83,126.34,154.17,480p,30cm,D4 ON,D4 ON
11:24:49.472,COMMAND_SENT,25.36,27.45,49.20,76.65,480p,30cm,D4 ON,D4 ON
11:24:54.548,COMMAND_SENT,25.54,29.79,44.13,73.92,480p,30cm,D4 ON,D4 ON
11:25:00.694,COMMAND_SENT,25.51,27.42,72.20,99.62,480p,30cm,D4 ON,D4 ON
11:25:06.640,COMMAND_SENT,29.24,30.06,135.77,165.83,480p,30cm,D4 ON,D4 ON
11:25:14.231,COMMAND_SENT,24.97,28.86,125.96,154.82,480p,30cm,D4 ON,D3 ON
11:25:20.872,COMMAND_SENT,25.54,26.12,50.48,76.60,480p,30cm,D4 ON,D4 ON
11:25:27.232,COMMAND_SENT,24.18,27.86,127.30,155.16,480p,30cm,D4 ON,D4 ON
11:25:33.262,COMMAND_SENT,26.34,24.66,83.13,107.79,480p,30cm,D4 ON,D4 ON
11:25:39.093,COMMAND_SENT,23.79,23.70,114.17,137.87,480p,30cm,D4 ON,D4 ON
11:26:00.196,COMMAND_SENT,23.57,25.25,55.20,80.44,480p,30cm,D4 ON,D4 ON
11:27:43.925,COMMAND_SENT,24.67,26.72,44.59,71.31,480p,30cm,D4 OFF,D4 OFF
11:27:49.662,COMMAND_SENT,25.67,26.17,141.61,167.78,480p,30cm,D4 OFF,D4 OFF
11:27:55.092,COMMAND_SENT,24.97,26.97,331.06,358.03,480p,30cm,D4 OFF,D4 OFF
11:28:00.012,COMMAND_SENT,24.33,26.79,88.83,115.62,480p,30cm,D4 OFF,D4 OFF
11:28:05.627,COMMAND_SENT,28.72,21.28,287.72,309.00,480p,30cm,D4 OFF,D4 OFF
11:28:19.050,COMMAND_SENT,24.36,26.27,331.23,357.50,480p,30cm,D4 OFF,D4 OFF
11:28:44.649,COMMAND_SENT,25.89,27.91,49.02,76.92,480p,30cm,D4 OFF,D4 OFF
11:28:50.076,COMMAND_SENT,25.74,27.14,116.06,143.20,480p,30cm,D4 OFF,D4 OFF
11:28:55.196,COMMAND_SENT,25.04,28.21,74.59,102.80,480p,30cm,D4 OFF,D4 OFF
11:29:00.530,COMMAND_SENT,25.44,34.05,242.29,276.34,480p,30cm,D4 OFF,D4 OFF
11:29:05.555,COMMAND_SENT,28.34,21.90,65.75,87.65,480p,30cm,D4 OFF,D4 OFF
11:29:27.125,COMMAND_SENT,29.23,21.49,400.94,422.42,480p,30cm,D4 OFF,D4 OFF
11:29:32.789,COMMAND_SENT,24.40,25.27,151.47,176.74,480p,30cm,D4 OFF,D4 OFF
11:29:38.203,COMMAND_SENT,25.05,28.35,43.59,71.94,480p,30cm,D4 OFF,D4 OFF
11:29:43.426,COMMAND_SENT,23.48,24.56,107.81,132.38,480p,30cm,D4 OFF,D4 OFF
11:37:20.345,COMMAND_SENT,26.20,27.48,59.20,86.68,480p,70cm,D1 ON,D1 ON
11:37:26.176,COMMAND_SENT,25.34,27.43,90.41,117.84,480p,70cm,D1 ON,D1 ON
11:37:32.324,COMMAND_SENT,25.03,26.76,238.06,264.82,480p,70cm,D1 ON,D1 ON
11:37:37.336,COMMAND_SENT,23.49,24.97,89.09,114.05,480p,70cm,D1 ON,D1 ON
11:37:42.851,COMMAND_SENT,25.25,28.08,204.22,232.30,480p,70cm,D1 ON,D1 ON
11:37:48.700,COMMAND_SENT,24.70,26.58,213.94,240.51,480p,70cm,D1 ON,D1 ON
11:37:53.723,COMMAND_SENT,24.19,26.37,116.02,142.39,480p,70cm,D1 ON,D1 ON
11:37:58.840,COMMAND_SENT,25.12,27.70,112.42,140.11,480p,70cm,D1 ON,D1 ON
11:38:12.765,COMMAND_SENT,25.53,27.19,37.95,65.14,480p,70cm,D1 ON,D1 ON
11:38:27.103,COMMAND_SENT,24.84,25.70,55.39,81.09,480p,70cm,D1 ON,D1 ON
11:38:37.038,COMMAND_SENT,27.86,25.71,68.97,94.68,480p,70cm,D1 ON,D4 ON
11:38:42.972,COMMAND_SENT,25.00,28.43,85.69,114.12,480p,70cm,D1 ON,D1 ON
11:38:48.399,COMMAND_SENT,25.73,28.15,112.60,140.75,480p,70cm,D1 ON,D1 ON
11:38:53.756,COMMAND_SENT,24.93,26.37,109.42,135.78,480p,70cm,D1 ON,D1 ON
11:39:08.511,COMMAND_SENT,25.49,27.17,23.89,51.06,480p,70cm,D1 ON,D1 ON
11:41:18.729,COMMAND_SENT,25.66,27.50,168.23,195.73,480p,70cm,D1 OFF,D1 OFF
11:41:23.892,COMMAND_SENT,23.22,22.56,135.00,157.56,480p,70cm,D1 OFF,D2 OFF
11:41:29.065,COMMAND_SENT,25.17,25.43,107.83,133.26,480p,70cm,D1 OFF,D1 OFF
11:41:34.712,COMMAND_SENT,24.42,25.39,234.10,259.49,480p,70cm,D1 OFF,D1 OFF
11:41:40.450,COMMAND_SENT,25.54,28.41,211.22,239.62,480p,70cm,D1 OFF,D1 OFF
11:41:46.209,COMMAND_SENT,24.57,26.58,210.68,237.26,480p,70cm,D1 OFF,D1 OFF
11:41:51.078,COMMAND_SENT,25.01,27.02,40.22,67.24,480p,70cm,D1 OFF,D1 OFF
11:41:56.517,COMMAND_SENT,25.14,27.32,118.98,146.30,480p,70cm,D1 OFF,D1 OFF
11:42:02.062,COMMAND_SENT,25.39,27.26,23.54,50.80,480p,70cm,D1 OFF,D1 OFF
11:42:07.875,COMMAND_SENT,24.99,27.64,35.60,63.24,480p,70cm,D1 OFF,D1 OFF
11:42:15.241,COMMAND_SENT,26.20,26.73,42.15,68.88,480p,70cm,D1 OFF,D1 OFF
11:42:20.706,COMMAND_SENT,29.03,21.35,266.29,287.64,480p,70cm,D1 OFF,D1 OFF
11:42:26.066,COMMAND_SENT,24.52,27.19,64.88,92.07,480p,70cm,D1 OFF,D1 OFF
11:42:31.936,COMMAND_SENT,24.74,25.77,135.27,161.04,480p,70cm,D1 OFF,D1 OFF
11:42:36.985,COMMAND_SENT,27.82,30.72,144.07,174.79,480p,70cm,D1 OFF,D1 OFF
11:44:49.052,COMMAND_SENT,24.72,27.32,312.98,340.30,480p,70cm,D2 ON,D2 ON
11:44:54.792,COMMAND_SENT,27.86,31.32,53.40,84.72,480p,70cm,D2 ON,D2 ON
11:45:00.539,COMMAND_SENT,25.78,42.80,22.80,65.60,480p,70cm,D2 ON,D2 ON
11:45:06.261,COMMAND_SENT,24.94,27.23,125.18,152.41,480p,70cm,D2 ON,D2 ON
11:45:12.092,COMMAND_SENT,25.44,27.83,155.49,183.31,480p,70cm,D2 ON,D4 ON
11:45:17.929,COMMAND_SENT,24.64,26.76,72.70,99.46,480p,70cm,D2 ON,D2 ON
11:45:22.950,COMMAND_SENT,24.01,25.88,54.00,79.88,480p,70cm,D2 ON,D2 ON
11:45:28.688,COMMAND_SENT,25.09,27.27,271.28,298.54,480p,70cm,D2 ON,D2 ON
11:45:34.541,COMMAND_SENT,25.07,27.34,84.38,111.71,480p,70cm,D2 ON,D2 ON
11:45:40.775,COMMAND_SENT,24.96,25.37,237.89,263.26,480p,70cm,D2 ON,D2 ON
11:45:46.697,COMMAND_SENT,24.69,27.28,38.90,66.18,480p,70cm,D2 ON,D2 ON
11:45:53.260,COMMAND_SENT,25.65,27.06,162.03,189.10,480p,70cm,D2 ON,D2 ON
11:45:59.207,COMMAND_SENT,24.78,26.05,108.69,134.74,480p,70cm,D2 ON,D2 ON
11:46:05.246,COMMAND_SENT,24.64,35.51,59.12,94.63,480p,70cm,D2 ON,D2 ON
11:46:28.691,COMMAND_SENT,24.71,26.33,114.71,141.03,480p,70cm,D2 ON,D2 ON
11:49:28.600,COMMAND_SENT,24.94,27.39,55.74,83.13,480p,70cm,D2 OFF,D2 OFF
11:49:34.541,COMMAND_SENT,24.99,27.25,75.45,102.69,480p,70cm,D2 OFF,D2 OFF
11:49:40.580,COMMAND_SENT,25.23,27.11,75.23,102.34,480p,70cm,D2 OFF,D2 OFF
11:49:46.331,COMMAND_SENT,28.14,32.12,264.40,296.52,480p,70cm,D2 OFF,D2 OFF
11:49:51.328,COMMAND_SENT,23.65,23.34,25.38,48.71,480p,70cm,D2 OFF,D2 OFF
11:49:57.167,COMMAND_SENT,24.99,27.38,105.11,132.49,480p,70cm,D2 OFF,D2 OFF
11:50:02.604,COMMAND_SENT,24.66,25.92,22.13,48.04,480p,70cm,D2 OFF,D2 OFF
11:50:09.355,COMMAND_SENT,24.49,26.38,92.48,118.86,480p,70cm,D2 OFF,D2 OFF
11:50:15.004,COMMAND_SENT,25.17,27.57,20.97,48.54,480p,70cm,D2 OFF,D2 OFF
11:50:20.375,COMMAND_SENT,24.53,27.19,151.08,178.27,480p,70cm,D2 OFF,D2 OFF
11:50:33.215,COMMAND_SENT,25.62,27.68,110.73,138.41,480p,70cm,D2 OFF,D2 OFF
11:50:38.540,COMMAND_SENT,24.84,27.05,316.32,343.37,480p,70cm,D2 OFF,D2 OFF
11:50:43.676,COMMAND_SENT,24.95,26.89,170.82,197.71,480p,70cm,D2 OFF,D2 OFF
11:51:04.447,COMMAND_SENT,27.60,30.85,61.36,92.20,480p,70cm,D2 OFF,D2 OFF
11:53:19.818,COMMAND_SENT,25.18,27.27,79.04,106.31,480p,70cm,D2 OFF,D2 OFF
11:55:02.220,COMMAND_SENT,28.73,20.96,94.81,115.78,480p,70cm,D3 ON,D3 ON
11:55:07.959,COMMAND_SENT,26.53,27.30,73.95,101.24,480p,70cm,D3 ON,D3 ON
11:55:22.190,COMMAND_SENT,25.38,27.56,64.68,92.24,480p,70cm,D3 ON,D3 ON
11:55:29.970,COMMAND_SENT,29.48,27.02,43.84,70.86,480p,70cm,D3 ON,D3 ON
11:55:37.750,COMMAND_SENT,24.53,27.06,103.68,130.75,480p,70cm,D3 ON,D3 ON
11:55:45.742,COMMAND_SENT,24.31,25.94,94.50,120.44,480p,70cm,D3 ON,D3 ON
11:55:51.678,COMMAND_SENT,25.11,27.87,29.90,57.77,480p,70cm,D3 ON,D4 ON
11:55:59.503,COMMAND_SENT,26.36,27.87,95.85,123.72,480p,70cm,D3 ON,D3 ON
11:56:14.724,COMMAND_SENT,23.37,23.85,114.62,138.47,480p,70cm,D3 ON,D3 ON
11:56:24.139,COMMAND_SENT,26.01,27.39,54.89,82.27,480p,70cm,D3 ON,D3 ON
11:56:45.848,COMMAND_SENT,25.40,27.35,41.69,69.04,480p,70cm,D3 ON,D3 ON
11:56:59.470,COMMAND_SENT,28.92,23.62,63.38,87.00,480p,70cm,D3 ON,D3 ON
11:57:14.214,COMMAND_SENT,20.70,27.13,108.97,136.10,480p,70cm,D3 ON,D2 ON
11:57:19.746,COMMAND_SENT,24.45,26.55,99.07,125.62,480p,70cm,D3 ON,D3 ON
11:57:31.827,COMMAND_SENT,29.32,31.42,139.19,170.62,480p,70cm,D3 ON,D3 ON
12:03:43.138,COMMAND_SENT,24.33,26.91,107.02,133.94,480p,70cm,D3 OFF,D3 OFF
12:04:09.346,COMMAND_SENT,25.26,27.63,113.89,141.52,480p,70cm,D3 OFF,D3 OFF
12:04:14.571,COMMAND_SENT,24.51,26.30,19.88,46.18,480p,70cm,D3 OFF,D3 OFF
12:04:25.526,COMMAND_SENT,24.83,26.70,134.26,160.95,480p,70cm,D3 OFF,D3 OFF
12:04:30.852,COMMAND_SENT,25.49,29.56,296.88,326.45,480p,70cm,D3 OFF,D3 OFF
12:04:40.152,COMMAND_SENT,22.13,21.56,278.33,299.89,480p,70cm,D3 OFF,D3 OFF
12:04:54.705,COMMAND_SENT,24.98,27.20,30.61,57.82,480p,70cm,D3 OFF,D3 OFF
12:05:00.066,COMMAND_SENT,23.97,23.71,36.07,59.78,480p,70cm,D3 OFF,D3 OFF
12:05:05.770,COMMAND_SENT,24.20,27.98,79.19,107.17,480p,70cm,D3 OFF,D3 OFF
12:05:11.455,COMMAND_SENT,25.15,27.24,23.82,51.07,480p,70cm,D3 OFF,D3 OFF
12:05:49.904,COMMAND_SENT,24.51,26.29,112.25,138.54,480p,70cm,D3 OFF,D2 OFF
12:05:57.281,COMMAND_SENT,25.04,27.61,128.74,156.35,480p,70cm,D3 OFF,D3 OFF
12:06:23.182,COMMAND_SENT,28.66,22.89,112.53,135.43,480p,70cm,D3 OFF,D3 OFF
12:06:28.302,COMMAND_SENT,25.65,26.73,72.23,98.96,480p,70cm,D3 OFF,D3 OFF
12:09:32.659,COMMAND_SENT,24.85,26.92,159.72,186.65,480p,70cm,D3 OFF,D3 OFF
12:11:55.988,COMMAND_SENT,24.93,26.74,129.65,156.39,480p,70cm,D4 ON,D4 ON
12:12:48.004,COMMAND_SENT,26.60,27.03,106.76,133.79,480p,70cm,D4 ON,D4 ON
12:13:15.244,COMMAND_SENT,25.12,26.88,105.45,132.33,480p,70cm,D4 ON,D4 ON
12:13:38.899,COMMAND_SENT,24.99,27.23,83.42,110.65,480p,70cm,D4 ON,D3 ON
12:13:45.862,COMMAND_SENT,24.92,26.66,165.71,192.37,480p,70cm,D4 ON,D4 ON
12:13:51.698,COMMAND_SENT,25.77,27.55,81.43,108.98,480p,70cm,D4 ON,D4 ON
12:13:56.920,COMMAND_SENT,25.63,27.50,23.33,50.83,480p,70cm,D4 ON,D4 ON
12:14:02.857,COMMAND_SENT,25.92,29.09,117.98,147.07,480p,70cm,D4 ON,D4 ON
12:14:07.875,COMMAND_SENT,25.17,21.99,97.04,119.03,480p,70cm,D4 ON,D4 ON
12:14:13.203,COMMAND_SENT,22.34,22.29,145.03,167.31,480p,70cm,D4 ON,D4 ON
12:14:18.223,COMMAND_SENT,27.45,24.41,125.50,149.91,480p,70cm,D4 ON,D4 ON
12:14:23.232,COMMAND_SENT,23.42,26.86,88.77,115.62,480p,70cm,D4 ON,D4 ON
12:14:28.254,COMMAND_SENT,25.62,32.96,70.08,103.04,480p,70cm,D4 ON,D4 ON
12:14:33.781,COMMAND_SENT,24.53,27.63,114.05,141.68,480p,70cm,D4 ON,D4 ON
12:14:47.503,COMMAND_SENT,23.10,23.40,47.79,71.19,480p,70cm,D4 ON,D4 ON
12:18:51.733,COMMAND_SENT,24.29,25.84,69.69,95.53,480p,70cm,D4 OFF,D4 OFF
12:18:57.464,COMMAND_SENT,29.46,25.97,40.08,66.05,480p,70cm,D4 OFF,D4 OFF
12:19:04.450,COMMAND_SENT,24.29,26.24,145.96,172.20,480p,70cm,D4 OFF,D4 OFF
12:19:10.574,COMMAND_SENT,24.85,26.85,108.90,135.75,480p,70cm,D4 OFF,D4 OFF
12:19:16.478,COMMAND_SENT,24.77,26.41,132.97,159.38,480p,70cm,D4 OFF,D4 OFF
12:19:38.632,COMMAND_SENT,24.98,27.25,89.13,116.38,480p,70cm,D4 OFF,D4 OFF
12:19:44.980,COMMAND_SENT,24.83,27.49,117.44,144.93,480p,70cm,D4 OFF,D4 OFF
12:19:51.022,COMMAND_SENT,24.87,26.24,120.23,146.46,480p,70cm,D4 OFF,D4 OFF
12:20:12.217,COMMAND_SENT,22.83,23.24,117.35,140.59,480p,70cm,D4 OFF,D4 OFF
12:20:18.367,COMMAND_SENT,17.85,21.34,53.47,74.81,480p,70cm,D4 OFF,D4 OFF
12:20:24.607,COMMAND_SENT,25.01,27.32,107.14,134.46,480p,70cm,D4 OFF,D4 OFF
12:20:31.162,COMMAND_SENT,24.17,27.24,60.29,87.54,480p,70cm,D4 OFF,D4 OFF
12:20:46.662,COMMAND_SENT,24.73,26.85,280.34,307.19,480p,70cm,D4 OFF,D4 OFF
12:20:54.098,COMMAND_SENT,24.81,26.47,75.86,102.34,480p,70cm,D4 OFF,D4 OFF
12:21:00.141,COMMAND_SENT,24.58,27.21,118.26,145.47,480p,70cm,D4 OFF,D4 OFF
13:00:36.544,COMMAND_SENT,21.04,34.81,144.35,179.15,720p,50cm,D1 ON,D1 ON
13:00:42.755,COMMAND_SENT,23.00,29.49,411.10,440.58,720p,50cm,D1 ON,D1 ON
13:00:48.984,COMMAND_SENT,20.78,30.76,137.24,167.99,720p,50cm,D1 ON,D1 ON
13:00:54.347,COMMAND_SENT,22.79,29.81,74.53,104.34,720p,50cm,D1 ON,D1 ON
13:01:20.472,COMMAND_SENT,20.94,35.94,136.08,172.02,720p,50cm,D1 ON,D1 ON
13:01:26.921,COMMAND_SENT,22.91,29.95,80.63,110.59,720p,50cm,D1 ON,D1 ON
13:01:33.475,COMMAND_SENT,22.33,36.82,72.71,109.53,720p,50cm,D1 ON,D1 ON
13:01:40.030,COMMAND_SENT,22.77,29.95,92.60,122.55,720p,50cm,D1 ON,D1 ON
13:01:46.410,COMMAND_SENT,23.89,30.24,106.12,136.36,720p,50cm,D1 ON,D1 ON
13:01:51.498,COMMAND_SENT,20.22,32.93,85.70,118.63,720p,50cm,D1 ON,D1 ON
13:01:57.335,COMMAND_SENT,22.68,30.91,115.63,146.54,720p,50cm,D1 ON,D1 ON
13:02:03.990,COMMAND_SENT,22.69,29.73,45.63,75.36,720p,50cm,D1 ON,D1 ON
13:02:15.634,COMMAND_SENT,22.58,42.59,23.19,65.78,720p,50cm,D1 ON,D1 ON
13:02:21.719,COMMAND_SENT,22.74,30.34,171.07,201.42,720p,50cm,D1 ON,D1 ON
13:02:26.725,COMMAND_SENT,23.83,29.06,124.46,153.52,720p,50cm,D1 ON,D1 ON
13:05:26.028,COMMAND_SENT,23.08,28.60,41.16,69.76,720p,50cm,D1 OFF,D1 OFF
13:05:31.455,COMMAND_SENT,23.81,30.03,131.02,161.04,720p,50cm,D1 OFF,D1 OFF
13:05:36.471,COMMAND_SENT,22.66,30.42,84.45,114.87,720p,50cm,D1 OFF,D1 OFF
13:05:41.489,COMMAND_SENT,22.81,28.86,55.21,84.06,720p,50cm,D1 OFF,D1 OFF
13:05:58.897,COMMAND_SENT,23.03,28.89,92.57,121.46,720p,50cm,D1 OFF,D1 OFF
13:06:04.120,COMMAND_SENT,22.60,28.39,56.79,85.18,720p,50cm,D1 OFF,D1 OFF
13:06:09.241,COMMAND_SENT,22.99,30.13,125.84,155.97,720p,50cm,D1 OFF,D1 OFF
13:06:14.667,COMMAND_SENT,22.79,28.81,61.50,90.31,720p,50cm,D1 OFF,D1 OFF
13:06:19.681,COMMAND_SENT,22.20,28.63,40.50,69.13,720p,50cm,D1 OFF,D1 OFF
13:06:24.839,COMMAND_SENT,22.76,29.84,71.55,101.39,720p,50cm,D1 OFF,D1 OFF
13:06:30.742,COMMAND_SENT,22.82,30.38,223.34,253.72,720p,50cm,D1 OFF,D1 OFF
13:06:35.976,COMMAND_SENT,22.52,29.68,119.23,148.91,720p,50cm,D1 OFF,D1 OFF
13:06:41.395,COMMAND_SENT,22.87,28.15,131.58,159.73,720p,50cm,D1 OFF,D1 OFF
13:06:46.412,COMMAND_SENT,19.31,29.85,112.45,142.30,720p,50cm,D1 OFF,D1 OFF
13:06:51.940,COMMAND_SENT,22.87,29.94,77.80,107.74,720p,50cm,D1 OFF,D1 OFF
13:08:21.439,COMMAND_SENT,22.85,29.59,96.19,125.78,720p,50cm,D2 ON,D2 ON
13:08:26.559,COMMAND_SENT,22.81,30.06,108.56,138.62,720p,50cm,D2 ON,D2 ON
13:08:32.293,COMMAND_SENT,22.57,30.29,62.61,92.90,720p,50cm,D2 ON,D2 ON
13:08:37.448,COMMAND_SENT,18.13,38.67,168.72,207.39,720p,50cm,D2 ON,D2 ON
13:08:42.430,COMMAND_SENT,22.99,29.64,107.43,137.07,720p,50cm,D2 ON,D2 ON
13:08:47.449,COMMAND_SENT,23.00,30.06,64.58,94.64,720p,50cm,D2 ON,D2 ON
13:08:53.088,COMMAND_SENT,22.87,30.35,152.09,182.45,720p,50cm,D2 ON,D2 ON
13:08:59.634,COMMAND_SENT,20.31,36.27,78.15,114.41,720p,50cm,D2 ON,D2 ON
13:09:05.675,COMMAND_SENT,22.99,33.23,51.83,85.05,720p,50cm,D2 ON,D2 ON
13:09:11.095,COMMAND_SENT,22.72,30.62,23.77,54.38,720p,50cm,D2 ON,D2 ON
13:09:17.248,COMMAND_SENT,22.86,29.48,116.29,145.77,720p,50cm,D2 ON,D2 ON
13:09:22.264,COMMAND_SENT,22.90,30.34,61.84,92.18,720p,50cm,D2 ON,D2 ON
13:09:27.399,COMMAND_SENT,22.98,28.47,162.61,191.08,720p,50cm,D2 ON,D2 ON
13:09:32.401,COMMAND_SENT,22.92,29.86,137.77,167.63,720p,50cm,D2 ON,D2 ON
13:09:37.419,COMMAND_SENT,22.82,30.30,76.69,106.99,720p,50cm,D2 ON,D2 ON
13:11:45.727,COMMAND_SENT,18.42,29.79,99.89,129.68,720p,50cm,D2 OFF,D2 OFF
13:11:51.022,COMMAND_SENT,23.72,28.55,20.93,49.48,720p,50cm,D2 OFF,D2 OFF
13:11:56.373,COMMAND_SENT,22.21,28.77,26.05,54.82,720p,50cm,D2 OFF,D2 OFF
13:12:01.702,COMMAND_SENT,22.41,30.51,145.87,176.38,720p,50cm,D2 OFF,D2 OFF
13:12:06.721,COMMAND_SENT,23.09,29.83,65.40,95.23,720p,50cm,D2 OFF,D2 OFF
13:12:11.835,COMMAND_SENT,23.65,29.58,38.36,67.94,720p,50cm,D2 OFF,D2 OFF
13:12:17.060,COMMAND_SENT,23.13,28.73,28.11,56.83,720p,50cm,D2 OFF,D2 OFF
13:12:22.512,COMMAND_SENT,23.19,31.11,94.78,125.89,720p,50cm,D2 OFF,D2 OFF
13:12:33.138,COMMAND_SENT,22.80,29.88,85.94,115.82,720p,50cm,D2 OFF,D2 OFF
13:12:38.155,COMMAND_SENT,21.92,30.48,67.88,98.36,720p,50cm,D2 OFF,D2 OFF
13:12:43.275,COMMAND_SENT,22.92,30.04,68.91,98.95,720p,50cm,D2 OFF,D2 OFF
13:12:48.599,COMMAND_SENT,22.13,28.04,202.94,230.98,720p,50cm,D2 OFF,D2 OFF
13:12:54.491,COMMAND_SENT,22.44,29.41,23.97,53.38,720p,50cm,D2 OFF,D2 OFF
13:12:59.967,COMMAND_SENT,23.18,30.73,92.85,123.58,720p,50cm,D2 OFF,D2 OFF
13:13:05.292,COMMAND_SENT,23.99,31.36,73.72,105.08,720p,50cm,D2 OFF,D2 OFF
13:15:10.424,COMMAND_SENT,23.02,30.68,101.26,131.93,720p,50cm,D3 ON,D3 ON
13:15:16.365,COMMAND_SENT,22.64,29.74,76.63,106.37,720p,50cm,D3 ON,D3 ON
13:15:21.598,COMMAND_SENT,22.51,29.06,20.42,49.48,720p,50cm,D3 ON,D3 ON
13:15:27.527,COMMAND_SENT,22.84,30.38,81.04,111.42,720p,50cm,D3 ON,D3 ON
13:15:33.053,COMMAND_SENT,20.85,34.13,41.88,76.02,720p,50cm,D3 ON,D3 ON
13:15:39.117,COMMAND_SENT,23.56,30.15,161.49,191.63,720p,50cm,D3 ON,D3 ON
13:15:44.524,COMMAND_SENT,21.12,29.70,154.03,183.73,720p,50cm,D3 ON,D3 ON
13:15:49.952,COMMAND_SENT,22.80,29.78,101.44,131.23,720p,50cm,D3 ON,D3 ON
13:15:54.970,COMMAND_SENT,23.08,30.38,51.52,81.90,720p,50cm,D3 ON,D3 ON
13:16:00.093,COMMAND_SENT,20.40,33.84,129.24,163.09,720p,50cm,D3 ON,D3 ON
13:16:05.346,COMMAND_SENT,22.34,30.02,23.54,53.55,720p,50cm,D3 ON,D3 ON
13:16:10.432,COMMAND_SENT,23.90,30.02,66.72,96.74,720p,50cm,D3 ON,D3 ON
13:16:22.312,COMMAND_SENT,22.80,29.53,52.41,81.94,720p,50cm,D3 ON,D3 ON
13:16:30.810,COMMAND_SENT,22.62,30.04,71.42,101.46,720p,50cm,D3 ON,D3 ON
13:16:37.054,COMMAND_SENT,23.36,29.93,94.04,123.97,720p,50cm,D3 ON,D3 ON
13:17:51.195,COMMAND_SENT,22.00,28.84,107.37,136.21,720p,50cm,D3 OFF,D3 OFF
13:17:57.036,COMMAND_SENT,23.56,28.53,118.58,147.11,720p,50cm,D3 OFF,D3 OFF
13:18:02.764,COMMAND_SENT,22.88,30.25,71.86,102.11,720p,50cm,D3 OFF,D3 OFF
13:18:13.517,COMMAND_SENT,23.74,29.93,116.60,146.53,720p,50cm,D3 OFF,D3 OFF
13:18:18.462,COMMAND_SENT,22.79,28.85,25.09,53.95,720p,50cm,D3 OFF,D3 OFF
13:18:30.309,COMMAND_SENT,22.85,30.42,76.99,107.41,720p,50cm,D3 OFF,D3 OFF
13:18:36.044,COMMAND_SENT,19.77,38.25,129.14,167.40,720p,50cm,D3 OFF,D3 OFF
13:18:43.419,COMMAND_SENT,22.54,37.53,119.14,156.66,720p,50cm,D3 OFF,D3 OFF
13:18:48.552,COMMAND_SENT,19.73,34.95,24.51,59.46,720p,50cm,D3 OFF,D3 OFF
13:18:53.657,COMMAND_SENT,23.00,30.46,89.15,119.61,720p,50cm,D3 OFF,D3 OFF
13:18:58.777,COMMAND_SENT,22.69,30.08,115.28,145.36,720p,50cm,D3 OFF,D3 OFF
13:19:03.896,COMMAND_SENT,22.49,29.97,21.68,51.66,720p,50cm,D3 OFF,D3 OFF
13:19:09.019,COMMAND_SENT,22.91,28.47,86.63,115.10,720p,50cm,D3 OFF,D3 OFF
13:19:14.751,COMMAND_SENT,23.07,28.40,45.56,73.96,720p,50cm,D3 OFF,D3 OFF
13:19:27.343,COMMAND_SENT,22.74,30.72,24.88,55.60,720p,50cm,D3 OFF,D3 OFF
13:23:08.122,COMMAND_SENT,24.24,34.30,39.02,73.32,720p,50cm,D4 ON,D4 ON
13:23:14.270,COMMAND_SENT,23.99,27.40,73.48,100.89,720p,50cm,D4 ON,D4 ON
13:23:19.446,COMMAND_SENT,23.59,29.41,25.40,54.81,720p,50cm,D4 ON,D4 ON
13:23:25.121,COMMAND_SENT,23.02,29.60,102.64,132.24,720p,50cm,D4 ON,D4 ON
13:23:30.741,COMMAND_SENT,24.13,29.49,26.82,56.31,720p,50cm,D4 ON,D4 ON
13:23:36.487,COMMAND_SENT,22.91,28.91,57.22,86.13,720p,50cm,D4 ON,D4 ON
13:23:45.527,COMMAND_SENT,22.52,29.17,107.67,136.84,720p,50cm,D4 ON,D4 ON
13:24:00.961,COMMAND_SENT,22.92,28.60,63.66,92.26,720p,50cm,D4 ON,D4 ON
13:24:06.828,COMMAND_SENT,23.67,29.54,158.09,187.63,720p,50cm,D4 ON,D4 ON
13:24:13.039,COMMAND_SENT,24.20,29.00,60.28,89.28,720p,50cm,D4 ON,D4 ON
13:24:18.058,COMMAND_SENT,24.11,29.86,41.52,71.38,720p,50cm,D4 ON,D4 ON
13:24:24.306,COMMAND_SENT,19.70,27.85,37.01,64.87,720p,50cm,D4 ON,D4 ON
13:24:30.042,COMMAND_SENT,22.78,29.99,112.40,142.39,720p,50cm,D4 ON,D4 ON
13:24:36.222,COMMAND_SENT,23.05,29.06,222.77,251.83,720p,50cm,D4 ON,D4 ON
13:24:41.409,COMMAND_SENT,22.85,30.56,74.51,105.06,720p,50cm,D4 ON,D4 ON
13:28:11.946,COMMAND_SENT,22.68,30.22,121.89,152.12,720p,50cm,D4 OFF,D4 OFF
13:28:16.960,COMMAND_SENT,23.23,30.58,113.17,143.75,720p,50cm,D4 OFF,D4 OFF
13:28:22.188,COMMAND_SENT,22.62,29.61,39.45,69.06,720p,50cm,D4 OFF,D4 OFF
13:28:27.509,COMMAND_SENT,22.79,30.87,63.54,94.41,720p,50cm,D4 OFF,D4 OFF
13:28:33.345,COMMAND_SENT,19.40,34.91,77.60,112.50,720p,50cm,D4 OFF,D4 OFF
13:28:39.633,COMMAND_SENT,22.95,29.83,23.05,52.89,720p,50cm,D4 OFF,D4 OFF
13:28:45.842,COMMAND_SENT,22.75,28.40,150.40,178.80,720p,50cm,D4 OFF,D4 OFF
13:28:50.856,COMMAND_SENT,23.45,30.29,121.73,152.02,720p,50cm,D4 OFF,D4 OFF
13:28:56.180,COMMAND_SENT,23.34,28.26,117.17,145.44,720p,50cm,D4 OFF,D4 OFF
13:29:01.710,COMMAND_SENT,23.44,29.65,53.96,83.61,720p,50cm,D4 OFF,D4 OFF
13:29:07.268,COMMAND_SENT,23.05,30.55,25.62,56.17,720p,50cm,D4 OFF,D4 OFF
13:29:12.786,COMMAND_SENT,22.39,29.74,168.41,198.14,720p,50cm,D4 OFF,D4 OFF
13:29:19.328,COMMAND_SENT,22.83,28.21,102.64,130.84,720p,50cm,D4 OFF,D4 OFF
13:29:25.195,COMMAND_SENT,22.81,30.90,111.82,142.72,720p,50cm,D4 OFF,D4 OFF
13:29:30.996,COMMAND_SENT,22.63,28.50,32.06,60.56,720p,50cm,D4 OFF,D4 OFF
13:34:18.539,COMMAND_SENT,22.93,31.05,87.63,118.68,720p,30cm,D1 ON,D1 ON
13:34:24.556,COMMAND_SENT,22.97,28.57,70.05,98.62,720p,30cm,D1 ON,D1 ON
13:34:30.413,COMMAND_SENT,22.82,65.44,121.76,187.20,720p,30cm,D1 ON,D1 ON
13:34:36.047,COMMAND_SENT,23.35,31.15,62.49,93.64,720p,30cm,D1 ON,D1 ON
13:34:41.578,COMMAND_SENT,23.42,28.74,130.41,159.15,720p,30cm,D1 ON,D1 ON
13:34:47.516,COMMAND_SENT,23.68,30.83,89.60,120.44,720p,30cm,D1 ON,D1 ON
13:34:52.841,COMMAND_SENT,23.89,31.02,64.44,95.46,720p,30cm,D1 ON,D1 ON
13:34:59.599,COMMAND_SENT,20.85,30.08,72.23,102.31,720p,30cm,D1 ON,D1 ON
13:35:05.436,COMMAND_SENT,22.51,30.35,76.76,107.11,720p,30cm,D1 ON,D1 ON
13:35:11.320,COMMAND_SENT,22.50,30.15,72.86,103.01,720p,30cm,D1 ON,D1 ON
13:35:16.427,COMMAND_SENT,23.35,29.76,162.37,192.13,720p,30cm,D1 ON,D1 ON
13:35:21.713,COMMAND_SENT,23.07,30.29,42.86,73.15,720p,30cm,D1 ON,D1 ON
13:35:27.584,COMMAND_SENT,23.99,30.01,78.76,108.78,720p,30cm,D1 ON,D1 ON
13:35:33.717,COMMAND_SENT,22.48,29.10,22.34,51.44,720p,30cm,D1 ON,D1 ON
13:35:39.638,COMMAND_SENT,22.51,28.36,62.31,90.67,720p,30cm,D1 ON,D1 ON
13:37:11.079,COMMAND_SENT,22.62,30.42,129.09,159.52,720p,30cm,D1 OFF,D1 OFF
13:37:16.995,COMMAND_SENT,22.36,30.15,283.32,313.47,720p,30cm,D1 OFF,D1 OFF
13:37:22.755,COMMAND_SENT,22.75,30.41,67.73,98.14,720p,30cm,D1 OFF,D1 OFF
13:37:27.874,COMMAND_SENT,23.08,38.65,110.69,149.34,720p,30cm,D1 OFF,D1 OFF
13:37:33.403,COMMAND_SENT,22.50,28.83,41.10,69.93,720p,30cm,D1 OFF,D1 OFF
13:37:38.790,COMMAND_SENT,22.77,29.87,274.72,304.59,720p,30cm,D1 OFF,D1 OFF
13:37:43.646,COMMAND_SENT,23.36,30.56,83.50,114.06,720p,30cm,D1 OFF,D1 OFF
13:37:48.661,COMMAND_SENT,21.85,39.38,70.25,109.63,720p,30cm,D1 OFF,D1 OFF
13:37:53.677,COMMAND_SENT,23.19,39.03,29.58,68.61,720p,30cm,D1 OFF,D1 OFF
13:37:58.828,COMMAND_SENT,22.31,30.85,116.44,147.29,720p,30cm,D1 OFF,D1 OFF
13:38:04.045,COMMAND_SENT,22.75,30.34,64.47,94.80,720p,30cm,D1 OFF,D1 OFF
13:38:09.654,COMMAND_SENT,22.90,70.82,58.85,129.67,720p,30cm,D1 OFF,D1 OFF
13:38:14.671,COMMAND_SENT,22.50,31.62,54.05,85.67,720p,30cm,D1 OFF,D1 OFF
13:38:20.819,COMMAND_SENT,22.62,30.70,64.36,95.06,720p,30cm,D1 OFF,D1 OFF
13:38:25.941,COMMAND_SENT,22.13,29.54,128.31,157.85,720p,30cm,D1 OFF,D1 OFF
13:41:41.013,COMMAND_SENT,23.28,29.76,86.30,116.06,720p,30cm,D2 ON,D2 ON
13:41:47.255,COMMAND_SENT,22.52,29.41,66.17,95.59,720p,30cm,D2 ON,D2 ON
13:41:53.235,COMMAND_SENT,22.49,28.63,23.06,51.70,720p,30cm,D2 ON,D2 ON
13:41:58.845,COMMAND_SENT,22.46,38.70,213.91,252.60,720p,30cm,D2 ON,D2 ON
13:42:03.844,COMMAND_SENT,23.54,30.12,97.39,127.51,720p,30cm,D2 ON,D2 ON
13:42:09.578,COMMAND_SENT,22.69,30.71,123.07,153.78,720p,30cm,D2 ON,D2 ON
13:42:14.594,COMMAND_SENT,22.76,31.31,104.77,136.08,720p,30cm,D2 ON,D2 ON
13:42:20.740,COMMAND_SENT,18.48,29.98,284.86,314.83,720p,30cm,D2 ON,D2 ON
13:42:26.269,COMMAND_SENT,22.57,29.71,115.01,144.72,720p,30cm,D2 ON,D2 ON
13:42:31.288,COMMAND_SENT,21.21,30.30,89.43,119.73,720p,30cm,D2 ON,D2 ON
13:42:37.020,COMMAND_SENT,22.96,30.18,92.18,122.36,720p,30cm,D2 ON,D2 ON
13:42:42.593,COMMAND_SENT,22.17,38.15,21.92,60.07,720p,30cm,D2 ON,D2 ON
13:42:47.877,COMMAND_SENT,22.98,28.64,81.89,110.52,720p,30cm,D2 ON,D2 ON
13:42:53.422,COMMAND_SENT,22.87,28.95,131.88,160.83,720p,30cm,D2 ON,D2 ON
13:42:58.424,COMMAND_SENT,23.01,28.84,87.95,116.79,720p,30cm,D2 ON,D2 ON
13:44:37.036,COMMAND_SENT,22.16,32.64,89.05,121.69,720p,30cm,D2 OFF,D2 OFF
13:44:42.153,COMMAND_SENT,23.21,30.17,23.91,54.08,720p,30cm,D2 OFF,D2 OFF
13:44:47.342,COMMAND_SENT,22.75,30.12,158.27,188.39,720p,30cm,D2 OFF,D2 OFF
13:44:52.290,COMMAND_SENT,22.64,28.86,28.30,57.15,720p,30cm,D2 OFF,D2 OFF
13:44:57.413,COMMAND_SENT,22.89,30.53,109.12,139.65,720p,30cm,D2 OFF,D2 OFF
13:45:02.430,COMMAND_SENT,22.76,30.19,99.57,129.77,720p,30cm,D2 OFF,D2 OFF
13:45:07.958,COMMAND_SENT,23.26,29.04,47.61,76.65,720p,30cm,D2 OFF,D2 OFF
13:45:13.796,COMMAND_SENT,23.36,31.02,87.50,118.52,720p,30cm,D2 OFF,D2 OFF
13:45:19.427,COMMAND_SENT,23.54,30.75,120.32,151.08,720p,30cm,D2 OFF,D2 OFF
13:45:25.784,COMMAND_SENT,22.83,28.48,153.73,182.21,720p,30cm,D2 OFF,D2 OFF
13:45:31.320,COMMAND_SENT,22.87,30.11,171.76,201.88,720p,30cm,D2 OFF,D2 OFF
13:45:36.323,COMMAND_SENT,22.64,28.73,107.12,135.86,720p,30cm,D2 OFF,D2 OFF
13:45:41.371,COMMAND_SENT,22.88,28.67,108.82,137.49,720p,30cm,D2 OFF,D2 OFF
13:45:46.359,COMMAND_SENT,23.36,28.24,67.08,95.32,720p,30cm,D2 OFF,D2 OFF
13:45:51.793,COMMAND_SENT,22.49,29.99,129.83,159.82,720p,30cm,D2 OFF,D2 OFF
13:48:08.595,COMMAND_SENT,19.41,28.08,81.22,109.31,720p,30cm,D3 ON,D3 ON
13:48:13.917,COMMAND_SENT,23.60,28.50,126.33,154.83,720p,30cm,D3 ON,D3 ON
13:48:19.787,COMMAND_SENT,23.66,28.08,22.25,50.33,720p,30cm,D3 ON,D3 ON
13:48:25.080,COMMAND_SENT,23.55,28.64,163.62,192.26,720p,30cm,D3 ON,D3 ON
13:48:30.819,COMMAND_SENT,23.38,28.60,132.67,161.27,720p,30cm,D3 ON,D3 ON
13:48:36.447,COMMAND_SENT,23.38,28.59,132.28,160.88,720p,30cm,D3 ON,D3 ON
13:48:41.668,COMMAND_SENT,21.55,34.01,48.10,82.11,720p,30cm,D3 ON,D3 ON
13:48:46.802,COMMAND_SENT,23.86,28.71,150.35,179.05,720p,30cm,D3 ON,D3 ON
13:48:52.084,COMMAND_SENT,23.95,28.42,20.24,48.66,720p,30cm,D3 ON,D3 ON
13:48:57.645,COMMAND_SENT,23.18,28.69,96.52,125.21,720p,30cm,D3 ON,D3 ON
13:49:02.661,COMMAND_SENT,23.48,28.41,49.50,77.92,720p,30cm,D3 ON,D3 ON
13:49:15.780,COMMAND_SENT,23.74,28.36,162.08,190.44,720p,30cm,D3 ON,D3 ON
13:49:21.199,COMMAND_SENT,23.79,29.03,141.48,170.51,720p,30cm,D3 ON,D3 ON
13:49:26.317,COMMAND_SENT,23.32,28.03,136.79,164.82,720p,30cm,D3 ON,D3 ON
13:49:33.484,COMMAND_SENT,24.16,36.54,100.26,136.81,720p,30cm,D3 ON,D3 ON
13:51:47.147,COMMAND_SENT,22.56,30.10,120.95,151.05,720p,30cm,D3 OFF,D3 OFF
13:51:52.647,COMMAND_SENT,22.87,29.93,74.79,104.72,720p,30cm,D3 OFF,D3 OFF
13:51:57.828,COMMAND_SENT,22.49,29.73,25.40,55.13,720p,30cm,D3 OFF,D3 OFF
13:52:02.882,COMMAND_SENT,22.85,30.63,31.12,61.75,720p,30cm,D3 OFF,D3 OFF
13:52:09.028,COMMAND_SENT,22.90,29.29,60.85,90.15,720p,30cm,D3 OFF,D3 OFF
13:52:14.046,COMMAND_SENT,22.38,30.63,71.07,101.70,720p,30cm,D3 OFF,D3 OFF
13:52:19.063,COMMAND_SENT,22.64,30.14,33.93,64.07,720p,30cm,D3 OFF,D3 OFF
13:52:26.129,COMMAND_SENT,22.82,30.37,34.55,64.93,720p,30cm,D3 OFF,D2 OFF
13:52:32.171,COMMAND_SENT,22.85,29.97,70.28,100.25,720p,30cm,D3 OFF,D3 OFF
13:52:37.495,COMMAND_SENT,22.18,29.87,99.56,129.43,720p,30cm,D3 OFF,D3 OFF
13:52:42.545,COMMAND_SENT,22.46,31.41,105.37,136.78,720p,30cm,D3 OFF,D3 OFF
13:52:47.740,COMMAND_SENT,22.62,30.33,169.09,199.43,720p,30cm,D3 OFF,D3 OFF
13:52:52.651,COMMAND_SENT,22.28,31.12,64.21,95.33,720p,30cm,D3 OFF,D3 OFF
13:52:58.181,COMMAND_SENT,22.85,30.07,332.88,362.95,720p,30cm,D3 OFF,D3 OFF
13:53:04.123,COMMAND_SENT,22.80,34.34,126.14,160.48,720p,30cm,D3 OFF,D3 OFF
13:55:05.464,COMMAND_SENT,22.52,28.49,121.65,150.14,720p,30cm,D4 ON,D4 ON
13:55:10.587,COMMAND_SENT,22.90,28.70,147.53,176.23,720p,30cm,D4 ON,D4 ON
13:55:16.028,COMMAND_SENT,23.09,28.22,163.06,191.28,720p,30cm,D4 ON,D4 ON
13:55:21.744,COMMAND_SENT,23.68,27.96,36.04,64.00,720p,30cm,D4 ON,D4 ON
13:55:28.914,COMMAND_SENT,22.75,30.42,62.38,92.80,720p,30cm,D4 ON,D4 ON
13:55:34.955,COMMAND_SENT,22.65,29.73,131.89,161.62,720p,30cm,D4 ON,D4 ON
13:55:40.289,COMMAND_SENT,23.61,29.70,21.25,50.95,720p,30cm,D4 ON,D4 ON
13:55:45.810,COMMAND_SENT,22.92,29.32,59.81,89.14,720p,30cm,D4 ON,D4 ON
13:55:51.546,COMMAND_SENT,23.18,30.31,87.00,117.31,720p,30cm,D4 ON,D4 ON
13:55:56.566,COMMAND_SENT,21.03,32.22,67.50,99.72,720p,30cm,D4 ON,D4 ON
13:56:02.529,COMMAND_SENT,23.81,30.75,235.24,265.99,720p,30cm,D4 ON,D4 ON
13:56:08.031,COMMAND_SENT,23.11,30.22,107.99,138.21,720p,30cm,D4 ON,D4 ON
13:56:13.445,COMMAND_SENT,23.03,28.71,27.20,55.91,720p,30cm,D4 ON,D4 ON
13:56:18.783,COMMAND_SENT,22.73,36.60,34.99,71.59,720p,30cm,D4 ON,D4 ON
13:56:24.416,COMMAND_SENT,23.76,30.09,68.46,98.56,720p,30cm,D4 ON,D4 ON
13:58:24.544,COMMAND_SENT,21.34,30.67,238.95,269.63,720p,30cm,D4 OFF,D4 OFF
13:58:30.090,COMMAND_SENT,23.15,30.89,127.41,158.30,720p,30cm,D4 OFF,D4 OFF
13:58:35.180,COMMAND_SENT,22.52,30.30,126.11,156.41,720p,30cm,D4 OFF,D4 OFF
13:58:40.339,COMMAND_SENT,22.43,30.15,20.50,50.65,720p,30cm,D4 OFF,D4 OFF
13:58:45.561,COMMAND_SENT,16.67,28.52,19.37,47.88,720p,30cm,D4 OFF,D4 OFF
13:58:50.849,COMMAND_SENT,22.65,30.05,117.42,147.46,720p,30cm,D4 OFF,D4 OFF
13:58:55.869,COMMAND_SENT,22.87,30.30,76.32,106.62,720p,30cm,D4 OFF,D4 OFF
13:59:00.881,COMMAND_SENT,22.38,29.98,44.90,74.88,720p,30cm,D4 OFF,D4 OFF
13:59:06.206,COMMAND_SENT,23.08,30.51,176.04,206.55,720p,30cm,D4 OFF,D4 OFF
13:59:11.636,COMMAND_SENT,23.15,32.04,34.72,66.75,720p,30cm,D4 OFF,D4 OFF
13:59:17.786,COMMAND_SENT,19.88,30.01,128.67,158.69,720p,30cm,D4 OFF,D4 OFF
13:59:23.817,COMMAND_SENT,22.81,29.57,41.02,70.59,720p,30cm,D4 OFF,D4 OFF
13:59:29.600,COMMAND_SENT,20.56,38.91,87.82,126.74,720p,30cm,D4 OFF,D4 OFF
13:59:35.186,COMMAND_SENT,22.70,29.84,111.21,141.05,720p,30cm,D4 OFF,D4 OFF
13:59:40.487,COMMAND_SENT,22.69,28.61,140.81,169.42,720p,30cm,D4 OFF,D4 OFF
14:05:32.667,COMMAND_SENT,22.64,30.68,85.16,115.84,720p,70cm,D1 ON,D1 ON
14:05:37.891,COMMAND_SENT,22.74,30.90,60.02,90.92,720p,70cm,D1 ON,D1 ON
14:05:43.014,COMMAND_SENT,23.12,29.91,70.10,100.01,720p,70cm,D1 ON,D1 ON
14:05:48.233,COMMAND_SENT,23.13,30.03,139.48,169.51,720p,70cm,D1 ON,D1 ON
14:05:53.658,COMMAND_SENT,21.87,30.04,93.44,123.48,720p,70cm,D1 ON,D1 ON
14:06:01.651,COMMAND_SENT,23.01,30.52,52.67,83.19,720p,70cm,D1 ON,D1 ON
14:06:08.097,COMMAND_SENT,22.91,30.18,37.42,67.60,720p,70cm,D1 ON,D1 ON
14:06:13.426,COMMAND_SENT,23.13,30.63,249.54,280.17,720p,70cm,D1 ON,D1 ON
14:06:18.545,COMMAND_SENT,19.95,42.75,73.91,116.65,720p,70cm,D1 ON,D1 ON
14:06:23.974,COMMAND_SENT,24.11,30.78,78.39,109.17,720p,70cm,D1 ON,D1 ON
14:06:29.277,COMMAND_SENT,22.76,30.44,325.55,355.99,720p,70cm,D1 ON,D1 ON
14:06:34.109,COMMAND_SENT,22.79,29.71,94.01,123.72,720p,70cm,D1 ON,D1 ON
14:06:39.391,COMMAND_SENT,22.47,30.51,25.23,55.74,720p,70cm,D1 ON,D1 ON
14:06:45.475,COMMAND_SENT,23.25,30.27,106.76,137.04,720p,70cm,D1 ON,D1 ON
14:06:53.562,COMMAND_SENT,22.80,29.90,95.37,125.27,720p,70cm,D1 ON,D1 ON
14:09:21.878,COMMAND_SENT,23.42,28.32,117.79,146.11,720p,70cm,D1 OFF,D1 OFF
14:09:27.167,COMMAND_SENT,23.75,28.36,103.70,132.06,720p,70cm,D1 OFF,D1 OFF
14:09:32.387,COMMAND_SENT,23.68,28.09,121.86,149.95,720p,70cm,D1 OFF,D1 OFF
14:09:37.506,COMMAND_SENT,23.87,27.85,43.16,71.01,720p,70cm,D1 OFF,D1 OFF
14:09:42.688,COMMAND_SENT,23.62,27.76,190.15,217.91,720p,70cm,D1 OFF,D1 OFF
14:09:47.644,COMMAND_SENT,24.24,27.62,83.75,111.37,720p,70cm,D1 OFF,D1 OFF
14:09:52.661,COMMAND_SENT,23.55,27.53,80.21,107.74,720p,70cm,D1 OFF,D1 OFF
14:09:58.273,COMMAND_SENT,23.81,27.85,334.87,362.72,720p,70cm,D1 OFF,D1 OFF
14:10:03.582,COMMAND_SENT,23.77,28.21,23.73,51.94,720p,70cm,D1 OFF,D1 OFF
14:10:08.844,COMMAND_SENT,23.90,29.00,233.15,262.15,720p,70cm,D1 OFF,D1 OFF
14:10:13.965,COMMAND_SENT,23.73,27.67,152.73,180.40,720p,70cm,D1 OFF,D1 OFF
14:10:19.187,COMMAND_SENT,23.94,28.67,104.50,133.17,720p,70cm,D1 OFF,D1 OFF
14:10:24.202,COMMAND_SENT,23.76,28.45,69.95,98.40,720p,70cm,D1 OFF,D1 OFF
14:10:43.456,COMMAND_SENT,24.06,28.10,88.97,117.07,720p,70cm,D1 OFF,D1 OFF
14:10:48.473,COMMAND_SENT,23.80,28.45,70.13,98.58,720p,70cm,D1 OFF,D1 OFF
14:12:38.503,COMMAND_SENT,24.16,27.87,149.44,177.31,720p,70cm,D2 ON,D2 ON
14:12:43.978,COMMAND_SENT,23.36,27.99,455.57,483.56,720p,70cm,D2 ON,D2 ON
14:12:49.715,COMMAND_SENT,20.84,34.93,371.76,406.68,720p,70cm,D2 ON,D2 ON
14:12:58.312,COMMAND_SENT,23.71,27.79,47.85,75.63,720p,70cm,D2 ON,D2 ON
14:13:04.357,COMMAND_SENT,23.54,28.10,85.84,113.93,720p,70cm,D2 ON,D2 ON
14:13:09.700,COMMAND_SENT,24.03,28.06,21.62,49.67,720p,70cm,D2 ON,D2 ON
14:13:14.802,COMMAND_SENT,24.02,28.35,92.21,120.56,720p,70cm,D2 ON,D2 ON
14:13:19.989,COMMAND_SENT,23.49,28.06,68.55,96.61,720p,70cm,D2 ON,D2 ON
14:13:25.144,COMMAND_SENT,24.34,28.56,31.10,59.67,720p,70cm,D2 ON,D2 ON
14:13:30.265,COMMAND_SENT,23.52,28.48,74.28,102.76,720p,70cm,D2 ON,D2 ON
14:13:35.795,COMMAND_SENT,23.23,28.42,118.96,147.38,720p,70cm,D2 ON,D2 ON
14:13:41.293,COMMAND_SENT,23.99,28.71,22.93,51.64,720p,70cm,D2 ON,D2 ON
14:13:46.853,COMMAND_SENT,24.09,28.43,358.29,386.72,720p,70cm,D2 ON,D2 ON
14:14:00.090,COMMAND_SENT,23.66,28.09,112.46,140.54,720p,70cm,D2 ON,D2 ON
14:14:05.490,COMMAND_SENT,23.82,28.02,70.22,98.24,720p,70cm,D2 ON,D2 ON
14:15:38.482,COMMAND_SENT,23.00,29.96,153.71,183.67,720p,70cm,D2 OFF,D2 OFF
14:15:43.488,COMMAND_SENT,22.93,28.05,123.12,151.18,720p,70cm,D2 OFF,D2 OFF
14:15:49.117,COMMAND_SENT,23.88,28.56,119.41,147.97,720p,70cm,D2 OFF,D2 OFF
14:15:54.857,COMMAND_SENT,23.62,27.95,238.67,266.62,720p,70cm,D2 OFF,D2 OFF
14:16:00.792,COMMAND_SENT,23.98,30.24,102.54,132.78,720p,70cm,D2 OFF,D2 OFF
14:16:06.835,COMMAND_SENT,23.48,28.61,68.78,97.39,720p,70cm,D2 OFF,D2 OFF
14:16:12.163,COMMAND_SENT,22.44,29.48,22.33,51.81,720p,70cm,D2 OFF,D2 OFF
14:16:18.505,COMMAND_SENT,22.91,30.40,97.56,127.95,720p,70cm,D2 OFF,D2 OFF
14:16:28.753,COMMAND_SENT,21.02,54.20,601.96,656.16,720p,70cm,D2 OFF,D2 OFF
14:16:34.481,COMMAND_SENT,22.85,29.41,261.20,290.61,720p,70cm,D2 OFF,D2 OFF
14:16:48.721,COMMAND_SENT,22.54,30.97,273.91,304.88,720p,70cm,D2 OFF,D2 OFF
14:16:53.880,COMMAND_SENT,22.84,30.24,21.12,51.36,720p,70cm,D2 OFF,D2 OFF
14:16:59.365,COMMAND_SENT,22.93,29.72,145.44,175.16,720p,70cm,D2 OFF,D2 OFF
14:17:05.534,COMMAND_SENT,22.58,28.32,86.99,115.31,720p,70cm,D2 OFF,D2 OFF
14:17:11.445,COMMAND_SENT,22.51,29.93,29.79,59.72,720p,70cm,D2 OFF,D2 OFF
14:19:21.907,COMMAND_SENT,22.70,30.04,79.54,109.58,720p,70cm,D3 ON,D3 ON
14:19:27.538,COMMAND_SENT,22.35,28.32,59.70,88.02,720p,70cm,D3 ON,D3 ON
14:19:32.919,COMMAND_SENT,23.16,28.41,21.86,50.26,720p,70cm,D3 ON,D3 ON
14:19:38.499,COMMAND_SENT,22.33,29.88,95.13,125.01,720p,70cm,D3 ON,D3 ON
14:19:44.129,COMMAND_SENT,23.18,30.73,76.00,106.72,720p,70cm,D3 ON,D3 ON
14:19:49.120,COMMAND_SENT,23.66,30.51,26.13,56.64,720p,70cm,D3 ON,D3 ON
14:19:54.266,COMMAND_SENT,22.83,29.49,55.72,85.20,720p,70cm,D3 ON,D3 ON
14:19:59.384,COMMAND_SENT,22.69,29.88,130.15,160.03,720p,70cm,D3 ON,D3 ON
14:20:04.812,COMMAND_SENT,10.55,29.29,54.10,83.38,720p,70cm,D3 ON,D3 ON
14:20:09.828,COMMAND_SENT,20.52,30.25,36.79,67.04,720p,70cm,D3 ON,D3 ON
14:20:14.948,COMMAND_SENT,23.60,29.56,125.47,155.03,720p,70cm,D3 ON,D3 ON
14:20:19.967,COMMAND_SENT,22.84,28.60,123.06,151.66,720p,70cm,D3 ON,D3 ON
14:20:28.162,COMMAND_SENT,23.71,30.34,55.09,85.43,720p,70cm,D3 ON,D3 ON
14:20:34.733,COMMAND_SENT,22.74,30.13,156.96,187.09,720p,70cm,D3 ON,D2 ON
14:20:42.294,COMMAND_SENT,22.77,29.91,67.90,97.81,720p,70cm,D3 ON,D3 ON
14:23:39.855,COMMAND_SENT,24.12,27.79,38.39,66.18,720p,70cm,D3 OFF,D3 OFF
14:23:45.129,COMMAND_SENT,24.00,28.06,20.52,48.58,720p,70cm,D3 OFF,D3 OFF
14:23:50.345,COMMAND_SENT,24.12,28.10,128.88,156.98,720p,70cm,D3 OFF,D3 OFF
14:23:55.627,COMMAND_SENT,20.89,27.75,125.64,153.39,720p,70cm,D3 OFF,D3 OFF
14:24:01.363,COMMAND_SENT,23.84,27.97,83.10,111.07,720p,70cm,D3 OFF,D3 OFF
14:24:07.611,COMMAND_SENT,23.59,27.62,21.11,48.72,720p,70cm,D3 OFF,D3 OFF
14:24:13.952,COMMAND_SENT,23.73,28.49,44.90,73.39,720p,70cm,D3 OFF,D3 OFF
14:24:19.082,COMMAND_SENT,23.44,27.82,125.74,153.57,720p,70cm,D3 OFF,D3 OFF
14:24:25.243,COMMAND_SENT,20.14,28.85,187.30,216.15,720p,70cm,D3 OFF,D3 OFF
14:24:31.054,COMMAND_SENT,24.06,27.91,22.81,50.71,720p,70cm,D3 OFF,D3 OFF
14:24:36.795,COMMAND_SENT,23.81,28.08,335.60,363.68,720p,70cm,D3 OFF,D3 OFF
14:24:44.162,COMMAND_SENT,23.88,27.56,77.51,105.07,720p,70cm,D3 OFF,D3 OFF
14:24:49.591,COMMAND_SENT,23.79,27.90,86.12,114.02,720p,70cm,D3 OFF,D3 OFF
14:24:54.606,COMMAND_SENT,23.91,27.72,92.78,120.50,720p,70cm,D3 OFF,D3 OFF
14:25:12.245,COMMAND_SENT,23.31,28.31,230.12,258.43,720p,70cm,D3 OFF,D3 OFF
14:27:54.218,COMMAND_SENT,22.84,30.51,134.06,164.56,720p,70cm,D4 ON,D4 ON
14:27:59.951,COMMAND_SENT,22.67,29.48,93.17,122.65,720p,70cm,D4 ON,D4 ON
14:28:06.203,COMMAND_SENT,20.48,31.48,24.91,56.39,720p,70cm,D4 ON,D4 ON
14:28:19.103,COMMAND_SENT,22.51,30.30,101.91,132.22,720p,70cm,D4 ON,D4 ON
14:28:24.833,COMMAND_SENT,23.12,28.88,209.28,238.16,720p,70cm,D4 ON,D4 ON
14:28:32.515,COMMAND_SENT,23.11,28.76,283.80,312.57,720p,70cm,D4 ON,D4 ON
14:28:38.346,COMMAND_SENT,22.96,29.44,40.40,69.84,720p,70cm,D4 ON,D4 ON
14:28:43.646,COMMAND_SENT,22.68,29.55,21.90,51.46,720p,70cm,D4 ON,D4 ON
14:28:51.253,COMMAND_SENT,22.42,29.80,112.53,142.34,720p,70cm,D4 ON,D4 ON
14:29:13.068,COMMAND_SENT,23.02,29.46,107.92,137.38,720p,70cm,D4 ON,D4 ON
14:29:33.959,COMMAND_SENT,22.74,33.98,121.21,155.19,720p,70cm,D4 ON,D4 ON
14:29:40.714,COMMAND_SENT,23.35,29.26,85.35,114.61,720p,70cm,D4 ON,D4 ON
14:29:47.575,COMMAND_SENT,22.79,30.11,83.11,113.22,720p,70cm,D4 ON,D4 ON
14:29:59.967,COMMAND_SENT,20.72,34.21,101.85,136.06,720p,70cm,D4 ON,D4 ON
14:30:06.143,COMMAND_SENT,23.01,29.13,88.63,117.76,720p,70cm,D4 ON,D4 ON
14:32:16.698,COMMAND_SENT,23.35,29.78,110.92,140.70,720p,70cm,D4 OFF,D4 OFF
14:32:22.816,COMMAND_SENT,23.41,29.74,86.75,116.48,720p,70cm,D4 OFF,D4 OFF
14:32:29.159,COMMAND_SENT,23.10,30.81,239.26,270.07,720p,70cm,D4 OFF,D4 OFF
14:32:35.105,COMMAND_SENT,23.17,29.43,108.25,137.68,720p,70cm,D4 OFF,D4 OFF
14:32:40.733,COMMAND_SENT,23.47,29.65,45.45,75.10,720p,70cm,D4 OFF,D4 OFF
14:32:48.618,COMMAND_SENT,20.90,42.05,70.28,112.33,720p,70cm,D4 OFF,D4 OFF
14:32:55.168,COMMAND_SENT,23.27,29.85,45.07,74.92,720p,70cm,D4 OFF,D4 OFF
14:33:01.312,COMMAND_SENT,23.31,29.32,82.52,111.84,720p,70cm,D4 OFF,D4 OFF
14:33:07.865,COMMAND_SENT,23.19,29.05,39.15,68.20,720p,70cm,D4 OFF,D4 OFF
14:33:13.606,COMMAND_SENT,23.39,28.27,66.60,94.87,720p,70cm,D4 OFF,D4 OFF
14:33:20.052,COMMAND_SENT,23.17,28.83,114.68,143.51,720p,70cm,D4 OFF,D4 OFF
14:33:26.518,COMMAND_SENT,23.12,30.65,168.77,199.41,720p,70cm,D4 OFF,D4 OFF
14:33:32.142,COMMAND_SENT,23.23,29.55,50.04,79.59,720p,70cm,D4 OFF,D4 OFF
14:33:38.349,COMMAND_SENT,23.37,28.81,19.65,48.46,720p,70cm,D4 OFF,D4 OFF
14:33:43.810,COMMAND_SENT,21.88,29.00,97.61,126.61,720p,70cm,D4 OFF,D4 OFF
